region,contract,buyer,supplier,amount,award_date,start_date,end_date,link
Federal,Aviation Fuel,National Defence,World Fuels,"$11,754","Dec. 5, 2019","Dec. 5, 2019","Dec. 5, 2019",https://theijf.org/procurement/2105305072_dnd
Federal,Miscellaneous manufactured articles,Fisheries and Oceans Canada,INNOVASEA MARINE SYSTEMS CANADA INC,"$13,645","Dec. 5, 2019","Dec. 5, 2019","Dec. 5, 2019",https://theijf.org/procurement/f4754_190001_03_dfo
Federal,"Salt, Sulphur, Ores, Earth and Stone",National Defence,Clariant Canada,"$64,837","Dec. 5, 2019","Dec. 5, 2019","Dec. 5, 2019",https://theijf.org/procurement/4502037328_dnd
Federal,Aviation Fuel,National Defence,Exxonmobil,"$31,758","Nov. 29, 2019","Nov. 29, 2019","Dec. 5, 2019",https://theijf.org/procurement/4502037320_dnd
Federal,Subsistence,National Defence,LES ALIMENTS GUY CHICOINE INC.,"$11,762","Nov. 25, 2019","Dec. 5, 2019","Dec. 5, 2019",https://theijf.org/procurement/by3380202001637_dnd
Federal,Marine Fuel,National Defence,Irving Oil Commercial,"$167,198","Nov. 25, 2019","Dec. 4, 2019","Dec. 4, 2019",https://theijf.org/procurement/w307b20a063_dnd
Federal,Marine Fuel,National Defence,IRVING Oil Commercial G.P.,"$77,170","Dec. 2, 2019","Dec. 4, 2019","Dec. 4, 2019",https://theijf.org/procurement/w307b20a065_dnd
Federal,Rental of Aircraft,National Defence,Top Aces inc,"$107,824","Dec. 2, 2019","Dec. 2, 2019","Dec. 4, 2019",https://theijf.org/procurement/w636a19ec204_dnd
Federal,Aviation Fuel,National Defence,Shell Aviation,"$13,060","Dec. 4, 2019","Dec. 4, 2019","Dec. 4, 2019",https://theijf.org/procurement/2105326292_dnd
Federal,Aviation Fuel,National Defence,Shell Aviation,"$11,829","Dec. 4, 2019","Dec. 4, 2019","Dec. 4, 2019",https://theijf.org/procurement/2105326299_dnd
Federal,"Miscellaneous Food, Food Materials and Food Preparations, Including Beverages and Tobacco",Correctional Service of Canada,GORDON FOOD SERVICE CANADA LTD,"$12,127","Nov. 28, 2019","Nov. 28, 2019","Dec. 4, 2019",https://theijf.org/procurement/21530_20_3390016_csc
Federal,Tuition fees and costs of attending courses including seminars not elsewhere specified,National Defence,FLIGHT SAFETY INTERNATIONAL,"$10,704","Dec. 4, 2019","Dec. 4, 2019","Dec. 4, 2019",https://theijf.org/procurement/2105465582_dnd
Federal,Tuition fees and costs of attending courses including seminars not elsewhere specified,National Defence,FLIGHT SAFETY INTERNATIONAL,"$10,704","Dec. 4, 2019","Dec. 4, 2019","Dec. 4, 2019",https://theijf.org/procurement/2105465545_dnd
Federal,Tuition fees and costs of attending courses including seminars not elsewhere specified,National Defence,FLIGHT SAFETY INTERNATIONAL,"$10,704","Dec. 4, 2019","Dec. 4, 2019","Dec. 4, 2019",https://theijf.org/procurement/2105465562_dnd
Federal,Environmental Services,National Defence,Wildfire Management Branch,"$18,776","Dec. 3, 2019","Dec. 3, 2019","Dec. 4, 2019",https://theijf.org/procurement/w0103_4502035808_dnd
Federal,Computer equipment related to Distributed Computing Environment (DCE) - Desktop/personal/portable (includes all related parts and peripherals),Indigenous Services Canada,NISHA TECHNOLOGIES INC.,"$10,831","Nov. 27, 2019","Nov. 27, 2019","Dec. 4, 2019",https://theijf.org/procurement/r44368_isc
Federal,Special industry machinery,National Research Council Canada,AB SCIEX LP,"$95,368","Dec. 4, 2019","Dec. 4, 2019","Dec. 4, 2019",https://theijf.org/procurement/3102993941_nrc
Federal,Rental of aircraft,Royal Canadian Mounted Police,NORTH-WRIGHT AIRWAYS LTD.,"$21,281","Dec. 4, 2019","Dec. 4, 2019","Dec. 4, 2019",https://theijf.org/procurement/7240440_rcmp
Federal,Recreational Services,Canadian Heritage,Les Productions Creative Lab,"$13,130","Nov. 27, 2019","Nov. 27, 2019","Dec. 4, 2019",https://theijf.org/procurement/45423644_pch
Federal,Rental - Communications Networking Equipment,Canadian Heritage,Wall Sound and Lighting,"$17,903","Dec. 3, 2019","Dec. 3, 2019","Dec. 4, 2019",https://theijf.org/procurement/45423649_pch
Federal,Aviation Fuel,National Defence,world fuel service,"$44,504","Nov. 29, 2019","Nov. 29, 2019","Dec. 4, 2019",https://theijf.org/procurement/4502029608_dnd
Federal,Aviation Fuel,National Defence,Irving Oil,"$22,724","Dec. 4, 2019","Dec. 4, 2019","Dec. 4, 2019",https://theijf.org/procurement/210533085_dnd
Federal,Engineering consultants - other ,Transport Canada,DE HAVILLAND AIRCRAFT OF CANADA LIMITED,"$22,206","Dec. 4, 2019","Dec. 4, 2019","Dec. 4, 2019",https://theijf.org/procurement/t8563_19_0245_tc
Federal,Miscellaneous manufactured articles,Natural Resources Canada,PARR INSTRUMENT CO,"$24,478","Dec. 4, 2019","Dec. 4, 2019","Dec. 4, 2019",https://theijf.org/procurement/3000700229_nrcan
Federal,Audio-visual Services,Canada Border Services Agency,Freeman Audio Visual,"$20,863","Nov. 26, 2019","Nov. 26, 2019","Dec. 4, 2019",https://theijf.org/procurement/2020001750_cbsa
Federal,Tuition fees and costs of attending courses including seminars not elsewhere specified,National Defence,FLIGHT SAFETY INTERNATIONAL,"$10,578","Dec. 4, 2019","Dec. 4, 2019","Dec. 4, 2019",https://theijf.org/procurement/2105391952_dnd
Federal,Pharmaceutical and Other Medicinal Products,Correctional Service of Canada,MCKESSON CANADA CORPORATION,"$17,221","Dec. 2, 2019","Dec. 2, 2019","Dec. 4, 2019",https://theijf.org/procurement/21301_20_3392357_csc
Federal,Electronic subscriptions and electronic publications,Global Affairs Canada,SOFTCHOICE CORPORATION,"$67,621","Dec. 4, 2019","Dec. 4, 2019","Dec. 4, 2019",https://theijf.org/procurement/4001228_dfatd
Federal,"Miscellaneous Food, Food Materials and Food Preparations, Including Beverages and Tobacco",Correctional Service of Canada,GORDON FOOD SERVICE CANADA LTD,"$14,947","Nov. 28, 2019","Nov. 28, 2019","Dec. 4, 2019",https://theijf.org/procurement/21537_20_3390504_csc
Federal,"Measuring, controlling, laboratory, medical and optical equipment and parts",Canadian Food Inspection Agency,ESBE SCIENTIFIC INDUSTRIES INC,"$15,513","Dec. 4, 2019","Dec. 4, 2019","Dec. 4, 2019",https://theijf.org/procurement/3000700221_cfia
Federal,Client software related to Distributed Computing Environment (DCE),National Research Council Canada,MECHANICAL SIMULATION CORPORATION,"$19,131","Nov. 27, 2019","Nov. 27, 2019","Dec. 4, 2019",https://theijf.org/procurement/939066_nrc
Federal,Training consultants,Canada School of Public Service,SAMSON & ASSOCIATES CPA / CONSULTING,"$10,903","Nov. 25, 2019","Nov. 25, 2019","Dec. 4, 2019",https://theijf.org/procurement/8042143_csps
Federal,Residential buildings,Global Affairs Canada,Adriatic Plumbing & Heating Corp.,"$13,186","Nov. 25, 2019","Nov. 25, 2019","Dec. 4, 2019",https://theijf.org/procurement/7418913_dfatd
Federal,"Operating System and Utility Software related to servers, storage, peripherals and components",Fisheries and Oceans Canada,JETBRAINS AMERICAS INC,"$18,347","Nov. 28, 2019","Nov. 28, 2019","Dec. 4, 2019",https://theijf.org/procurement/f5211_190573a_dfo
Federal,Aviation Fuel,National Defence,WorlD fuels,"$82,327","Dec. 4, 2019","Dec. 4, 2019","Dec. 4, 2019",https://theijf.org/procurement/e60hl_180050_001_hl_dnd
Federal,Diesel fuel,Fisheries and Oceans Canada,JOSEPH ELIE,"$34,028","Dec. 4, 2019","Dec. 4, 2019","Dec. 4, 2019",https://theijf.org/procurement/fw047_190695_dfo
Federal,Recreational Services,Canadian Heritage,PURPLE COW TOURING LTD.,"$13,560","Nov. 28, 2019","Nov. 28, 2019","Dec. 4, 2019",https://theijf.org/procurement/45423696_pch
Federal,Aviation Fuel,National Defence,World Fuel Services,"$38,160","Dec. 4, 2019","Dec. 4, 2019","Dec. 4, 2019",https://theijf.org/procurement/2105305095_dnd
Federal,Other Business services not Elsewhere Specified,Public Services and Procurement Canada,WALL SOUND INC.,"$19,200","Dec. 2, 2019","Dec. 2, 2019","Dec. 4, 2019",https://theijf.org/procurement/700487695_pwgsc
Federal,Miscellaneous manufactured articles,Fisheries and Oceans Canada,CAMPBELL SCIENTIFIC (CANADA) CORP,"$22,692","Dec. 3, 2019","Dec. 3, 2019","Dec. 3, 2019",https://theijf.org/procurement/f5211_190477_dfo
Federal,Other business services not elsewhere specified,Canada Revenue Agency,LinkedIn Ireland,"$54,460","Dec. 3, 2019","Dec. 3, 2019","Dec. 3, 2019",https://theijf.org/procurement/pco1509086_cra
Federal,Miscellaneous Items,National Defence,GAB-INDUSPAC,"$38,303","Dec. 3, 2019","Dec. 3, 2019","Dec. 3, 2019",https://theijf.org/procurement/w013m_4502034940_dnd
Federal,Scientific consultants,Fisheries and Oceans Canada,EFFIGIS GEO-SOLUTIONS INC.,"$35,765","Dec. 3, 2019","Dec. 3, 2019","Dec. 3, 2019",https://theijf.org/procurement/fp845_190085_dfo
Federal,Scientific services,Fisheries and Oceans Canada,GENOME QUEBEC,"$13,635","Dec. 3, 2019","Dec. 3, 2019","Dec. 3, 2019",https://theijf.org/procurement/f1007_190053_dfo
Federal,Other Vehicles,Fisheries and Oceans Canada,BOMBARDIER RECREATIONAL PRODUCTS INC.,"$22,600","Dec. 3, 2019","Dec. 3, 2019","Dec. 3, 2019",https://theijf.org/procurement/f7047_190122_dfo
Federal,Miscellaneous manufactured articles,Natural Resources Canada,VML,"$11,784","Dec. 3, 2019","Dec. 3, 2019","Dec. 3, 2019",https://theijf.org/procurement/3000700138_nrcan
Federal,Aviation Fuel,National Defence,world fuel service,"$44,333","Nov. 29, 2019","Nov. 29, 2019","Dec. 3, 2019",https://theijf.org/procurement/4502029605_dnd
Federal,Aviation Fuel,National Defence,world fuel service,"$45,631","Nov. 29, 2019","Nov. 29, 2019","Dec. 3, 2019",https://theijf.org/procurement/4502029607_dnd
Federal,"Diesel Fuel, Automotive",National Defence,Highlands Fuel Delivery,"$63,317","Nov. 27, 2019","Nov. 27, 2019","Dec. 3, 2019",https://theijf.org/procurement/4502032082_dnd
Federal,"Gasoline, Automotive, Unleaded",National Defence,Maritime Fuels,"$26,611","Nov. 27, 2019","Nov. 27, 2019","Dec. 3, 2019",https://theijf.org/procurement/4502032100_dnd
Federal,Other Business services not Elsewhere Specified,Royal Canadian Mounted Police,MAXXAM ANALYTICS INC.,"$14,227","Dec. 3, 2019","Dec. 3, 2019","Dec. 3, 2019",https://theijf.org/procurement/7240407_rcmp
Federal,"Measuring, controlling, laboratory, medical and optical equipment and parts",Canadian Food Inspection Agency,BIO-RAD LABORATORIES (CANADA) LTD.,"$31,385","Nov. 25, 2019","Nov. 25, 2019","Dec. 3, 2019",https://theijf.org/procurement/3000699632_cfia
Federal,Waste Disposal,National Defence,Brendar Environmental Inc,"$10,650","Dec. 2, 2019","Dec. 3, 2019","Dec. 3, 2019",https://theijf.org/procurement/w0107_20_rr44_dnd
Federal,Marine Fuel,National Defence,IRVING Oil Commercial G.P.,"$457,917","Nov. 25, 2019","Dec. 3, 2019","Dec. 3, 2019",https://theijf.org/procurement/w307b20a064_dnd
Federal,Subsistence,National Defence,LES ALIMENTS GUY CHICOINE INC.,"$15,195","Nov. 26, 2019","Dec. 3, 2019","Dec. 3, 2019",https://theijf.org/procurement/by3380202001658_dnd
Federal,Ships and boats,Fisheries and Oceans Canada,GARLOCK OF CANADA LTD OPERATING AS FAIRBANKS MORSE ENGINE,"$75,917","Dec. 3, 2019","Dec. 3, 2019","Dec. 3, 2019",https://theijf.org/procurement/f6855_191544_dfo
Federal,Other Professional Services not Elsewhere Specified,Parks Canada,Langevin Learning Services Inc.,"$17,246","Nov. 26, 2019","Nov. 26, 2019","Dec. 3, 2019",https://theijf.org/procurement/45423608_pc
Federal,Other office equipment,Royal Canadian Mounted Police,ADVANCE BUSINESS SYSTEMS,"$11,715","Nov. 25, 2019","Nov. 25, 2019","Dec. 3, 2019",https://theijf.org/procurement/7240204_rcmp
Federal,Diesel fuel,National Defence,Husky Oil Operations Limited,"$48,959","Nov. 29, 2019","Dec. 3, 2019","Dec. 3, 2019",https://theijf.org/procurement/w0142_20a207_dnd
Federal,Other furniture and fixtures including parts,Fisheries and Oceans Canada,ATLANTIC BUSINESS INTERIORS,"$26,343","Nov. 28, 2019","Nov. 28, 2019","Dec. 3, 2019",https://theijf.org/procurement/f6879_195031_dfo
Federal,Subsistence,National Defence,MULDER MEATS (1983),"$15,177","Dec. 2, 2019","Dec. 3, 2019","Dec. 3, 2019",https://theijf.org/procurement/jy0105202001199_dnd
Federal,Computer equipment related to distributed computing environment (DCE)-Desktop/personal/portable (includes all related parts and peripherals),Environment and Climate Change Canada,CDW CANADA INC,"$97,331","Nov. 25, 2019","Nov. 25, 2019","Dec. 3, 2019",https://theijf.org/procurement/80002816_ec
Federal,Pharmaceutical and Other Medicinal Products,Correctional Service of Canada,MCKESSON CANADA,"$64,952","Nov. 27, 2019","Nov. 27, 2019","Dec. 2, 2019",https://theijf.org/procurement/21401_20_3388661_csc
Federal,Computer equipment related to Distributed Computing Environment (DCE) - Desktop/personal/portable (includes all related parts and peripherals) ,Office of the Auditor General of Canada,NORTHERN MICRO INC.,"$23,136","Dec. 2, 2019","Dec. 2, 2019","Dec. 2, 2019",https://theijf.org/procurement/1606848_oag
Federal,Other Clothing,National Defence,MSC INDUSTRIAL SUPPLY INC,"$12,644","Nov. 26, 2019","Nov. 26, 2019","Dec. 2, 2019",https://theijf.org/procurement/w355b_4502031855_dnd
Federal,Miscellaneous Items,National Defence,Clariant Canada Inc,"$46,275","Nov. 27, 2019","Dec. 2, 2019","Dec. 2, 2019",https://theijf.org/procurement/a1sa_9332_p001_dnd
Federal,Subsistence,National Defence,EXCEL PRIX GROSSISTE EN ALIMENTATION INC.*,"$11,176","Nov. 28, 2019","Dec. 2, 2019","Dec. 2, 2019",https://theijf.org/procurement/cj0106202001519_dnd
Federal,Marine installations,Fisheries and Oceans Canada,HARBOUR AUTHORITY PORT AU CHOIX,"$13,225","Nov. 27, 2019","Nov. 27, 2019","Dec. 2, 2019",https://theijf.org/procurement/f6144_190015_dfo
Federal,"Measuring, controlling, laboratory, medical and optical instruments, apparatus and accessories",Transport Canada,MID CANADA MOD CENTER,"$19,016","Dec. 2, 2019","Dec. 2, 2019","Dec. 2, 2019",https://theijf.org/procurement/t8563_19_0099_1_tc
Federal,Aviation Fuel,National Defence,IRVING,"$11,893","Dec. 2, 2019","Dec. 2, 2019","Dec. 2, 2019",https://theijf.org/procurement/0102mn_13835189_dnd
Federal,Road Clearing and Cleaning Equipment - Repair,National Defence,Whissell Rock Products Ltd,"$46,410","Nov. 28, 2019","Nov. 28, 2019","Dec. 2, 2019",https://theijf.org/procurement/4502033161_dnd
Federal,Communications Networking Equipment,Parks Canada,Lite Access Technologies (Canada),"$21,236","Dec. 2, 2019","Dec. 2, 2019","Dec. 2, 2019",https://theijf.org/procurement/45423764_pc
Federal,Computer equipment related to distributed computing environment (DCE)-Desktop/personal/portable (includes all related parts and,Natural Resources Canada,NISHA TECHNOLOGIES INC.,"$10,839","Dec. 2, 2019","Dec. 2, 2019","Dec. 2, 2019",https://theijf.org/procurement/s984511_nrcan
Federal,Other equipment,National Defence,Install-A-Flor,"$40,550","Dec. 2, 2019","Dec. 2, 2019","Dec. 2, 2019",https://theijf.org/procurement/w010c_190167001_dnd
Federal,"Electric lighting, distribution, and control equipment",Fisheries and Oceans Canada,HARBOUR AUTHORITY OF DENNIS POINT,"$11,500","Dec. 2, 2019","Dec. 2, 2019","Dec. 2, 2019",https://theijf.org/procurement/f5265_190130_dfo
Federal,Aviation Fuel,National Defence,irving Oil,"$18,212","Dec. 2, 2019","Dec. 2, 2019","Dec. 2, 2019",https://theijf.org/procurement/2105345393_dnd
Federal,Pharmaceutical and Other Medicinal Products,Correctional Service of Canada,MCKESSON CANADA CORPORATION,"$10,731","Nov. 29, 2019","Nov. 29, 2019","Dec. 2, 2019",https://theijf.org/procurement/21301_20_3391165_csc
Federal,Other Business services not Elsewhere Specified,Public Services and Procurement Canada,2806371 CANADA INC.,"$35,544","Nov. 26, 2019","Nov. 26, 2019","Dec. 2, 2019",https://theijf.org/procurement/700488237_pwgsc
Federal,Aviation Fuel,National Defence,Irving Oil,"$21,005","Dec. 1, 2019","Dec. 1, 2019","Dec. 1, 2019",https://theijf.org/procurement/2105345396_dnd
Federal,Diesel fuel,Fisheries and Oceans Canada,PARKLAND REFINING (B.C.) LTD,"$124,451","Dec. 1, 2019","Dec. 1, 2019","Dec. 1, 2019",https://theijf.org/procurement/f1754_18087_dfo
Federal,Aviation Fuel,National Defence,Irving Oil Commercial,"$18,994","Dec. 1, 2019","Dec. 1, 2019","Dec. 1, 2019",https://theijf.org/procurement/2105345374_dnd
Federal,Aviation Fuel,National Defence,Irving Oil,"$17,509","Dec. 1, 2019","Dec. 1, 2019","Dec. 1, 2019",https://theijf.org/procurement/23105345424_dnd
Federal,Diesel fuel,Fisheries and Oceans Canada,PARKLAND REFINING (B.C.) LTD,"$44,671","Dec. 1, 2019","Dec. 1, 2019","Dec. 1, 2019",https://theijf.org/procurement/f1707_190570_dfo
Federal,Diesel fuel,Fisheries and Oceans Canada,PARKLAND REFINING (B.C.) LTD,"$14,515","Dec. 1, 2019","Dec. 1, 2019","Dec. 1, 2019",https://theijf.org/procurement/f1821_190300_dfo
Federal,Aviation Fuel,National Defence,Shell,"$16,449","Dec. 1, 2019","Dec. 1, 2019","Dec. 1, 2019",https://theijf.org/procurement/2105300229_dnd
Federal,Aviation Fuel,National Defence,World fuel Services,"$11,913","Dec. 1, 2019","Dec. 1, 2019","Dec. 1, 2019",https://theijf.org/procurement/2105300620_dnd
Federal,Aviation Fuel,National Defence,World Fuel,"$19,692","Dec. 1, 2019","Dec. 1, 2019","Dec. 1, 2019",https://theijf.org/procurement/2105471064_dnd
Federal,"Miscellaneous textiles, headgear, umbrellas, etc.",Global Affairs Canada,"Commercial Marketing Associates,","$22,467","Dec. 1, 2019","Dec. 1, 2019","Dec. 1, 2019",https://theijf.org/procurement/7413667_dfatd
Federal,Diesel fuel,Fisheries and Oceans Canada,NORTHWEST FUELS,"$11,272","Dec. 1, 2019","Dec. 1, 2019","Dec. 1, 2019",https://theijf.org/procurement/f1778_190365_dfo
Federal,Diesel fuel,Fisheries and Oceans Canada,PARKLAND REFINING (B.C.) LTD,"$21,114","Dec. 1, 2019","Dec. 1, 2019","Dec. 1, 2019",https://theijf.org/procurement/f1730_190718c_dfo
Federal,Diesel fuel,Fisheries and Oceans Canada,PARKLAND REFINING (B.C.) LTD,"$49,579","Dec. 1, 2019","Dec. 1, 2019","Dec. 1, 2019",https://theijf.org/procurement/f1730_190718a_dfo
Federal,Diesel fuel,Fisheries and Oceans Canada,PARKLAND REFINING (B.C.) LTD,"$49,869","Dec. 1, 2019","Dec. 1, 2019","Dec. 1, 2019",https://theijf.org/procurement/f1730_190718b_dfo
Federal,Aviation Fuel,National Defence,World Fuel Services,"$66,923","Dec. 1, 2019","Dec. 1, 2019","Dec. 1, 2019",https://theijf.org/procurement/2105347371_dnd
Federal,Pharmaceutical and Other Medicinal Products,Correctional Service of Canada,MCKESSON CANADA,"$33,348","Nov. 25, 2019","Nov. 25, 2019","Nov. 30, 2019",https://theijf.org/procurement/21401_20_3386043_csc
Federal,Civilian - Foreign service allowance,Global Affairs Canada,Aurora Teresa Gadsden Hevia,"$15,480","Nov. 27, 2019","Nov. 27, 2019","Nov. 30, 2019",https://theijf.org/procurement/7414165_dfatd
Federal,"Measuring, controlling, laboratory, medical and optical equipment and parts",National Research Council Canada,THORLABS INC.,"$17,063","Nov. 25, 2019","Nov. 25, 2019","Nov. 30, 2019",https://theijf.org/procurement/938940_nrc
Federal,Pharmaceutical and Other Medicinal Products,Correctional Service of Canada,MCKESSON CANADA,"$277,773","Nov. 26, 2019","Nov. 26, 2019","Nov. 30, 2019",https://theijf.org/procurement/21401_20_3387058_csc
Federal,Aviation Fuel,National Defence,Tramp Oil Germany - World Fuels,"$22,222","Nov. 30, 2019","Nov. 30, 2019","Nov. 30, 2019",https://theijf.org/procurement/2105290056_dnd
Federal,Pharmaceutical and Other Medicinal Products,Correctional Service of Canada,MERCK CANADA INC,"$112,046","Nov. 26, 2019","Nov. 26, 2019","Nov. 30, 2019",https://theijf.org/procurement/21401_20_3386977_csc
Federal,Gasoline,National Defence,Imperial Oil,"$10,888","Nov. 29, 2019","Nov. 30, 2019","Nov. 30, 2019",https://theijf.org/procurement/tn20123_dnd
Federal,Diesel Fuel,National Defence,Imperial Oil,"$29,176","Nov. 29, 2019","Nov. 30, 2019","Nov. 30, 2019",https://theijf.org/procurement/tn20120_dnd
Federal,Computer equipment related to Distributed Computing Environment (DCE) - Desktop/personal/portable (includes all related parts and peripherals),Canadian Grain Commission,NISHA TECHNOLOGIES INC.,"$20,959","Nov. 26, 2019","Nov. 26, 2019","Nov. 30, 2019",https://theijf.org/procurement/itpro41582_cgc
Federal,Aircraft parts,Transport Canada,AERO SUPPLIES INC.,"$24,988","Nov. 25, 2019","Nov. 25, 2019","Nov. 30, 2019",https://theijf.org/procurement/as_9329_0066493_tc
Federal,Aircraft parts,Transport Canada,TEXTRON AVIATION COMPANY,"$11,410","Nov. 26, 2019","Nov. 26, 2019","Nov. 30, 2019",https://theijf.org/procurement/as_9330_0066503_tc
Federal,Aircraft parts,Transport Canada,AERO SUPPLIES INC.,"$15,381","Nov. 27, 2019","Nov. 27, 2019","Nov. 30, 2019",https://theijf.org/procurement/as_9331_0066512_tc
Federal,Office buildings,Public Services and Procurement Canada,MULTI ARMS SECURITY (1999) INC.,"$24,860","Nov. 25, 2019","Nov. 25, 2019","Nov. 30, 2019",https://theijf.org/procurement/700486181_pwgsc
Federal,Aviation Fuel,National Defence,Tramp Oil Germany (World Fuels),"$42,240","Nov. 30, 2019","Nov. 30, 2019","Nov. 30, 2019",https://theijf.org/procurement/2105330482_dnd
Federal,Pharmaceutical and Other Medicinal Products,Correctional Service of Canada,MCKESSON CANADA CORPORATION,"$11,000","Nov. 28, 2019","Nov. 28, 2019","Nov. 30, 2019",https://theijf.org/procurement/21301_20_3390382_csc
Federal,Computer equipment related to distributed computing environment (DCE)-Desktop/personal/portable (includes all related parts and peripherals),Royal Canadian Mounted Police,TELECOM COMPUTER LTD,"$11,364","Nov. 25, 2019","Nov. 25, 2019","Nov. 30, 2019",https://theijf.org/procurement/s202004030_rcmp
Federal,Computer equipment related to Distributed Computing Environment (DCE) - Desktop/personal/portable (includes all related parts and peripherals),National Research Council Canada,DECISIVE TECHNOLOGIES INC.,"$15,839","Nov. 27, 2019","Nov. 27, 2019","Nov. 30, 2019",https://theijf.org/procurement/ras199791_nrc
Federal,Middle Distillate Fuels,National Defence,sterling fuels ltd,"$110,908","Nov. 27, 2019","Nov. 27, 2019","Nov. 30, 2019",https://theijf.org/procurement/4502032155_dnd
Federal,Miscellaneous Manufactured Articles,National Defence,KONICA MINOLTA,"$10,922","Nov. 30, 2019","Nov. 30, 2019","Nov. 30, 2019",https://theijf.org/procurement/w0143_4502036799_dnd
Federal,Rental of aircraft,Fisheries and Oceans Canada,LAKELSE AIR LTD,"$53,809","Nov. 25, 2019","Nov. 25, 2019","Nov. 30, 2019",https://theijf.org/procurement/f1701_190031_dfo
Federal,Aviation Fuel,National Defence,World Fuel Services,"$353,042","Nov. 24, 2019","Nov. 24, 2019","Nov. 30, 2019",https://theijf.org/procurement/w6847_20_wfs13_dnd
Federal,"Ships and Vessels, Bilge and Tank Pumping and Disposal of  Waste Water and Oil Products",National Defence,Clean Earth Industrial,"$14,364","Nov. 25, 2019","Nov. 28, 2019","Nov. 29, 2019",https://theijf.org/procurement/w3554_4502030343_dnd
Federal,"Inorganic and organic chemicals, incl plastics, ru",Royal Canadian Mounted Police,LIFE TECHNOLOGIES,"$137,446","Nov. 26, 2019","Nov. 26, 2019","Nov. 29, 2019",https://theijf.org/procurement/7240257_rcmp
Federal,Pharmaceutical and Other Medicinal Products,Correctional Service of Canada,MCKESSON CANADA CORPORATION,"$19,376","Nov. 25, 2019","Nov. 25, 2019","Nov. 29, 2019",https://theijf.org/procurement/21501_20_3386236_csc
Federal,"Diesel Fuel, Automotive",National Defence,Highlands Fuel Delivery,"$64,268","Nov. 26, 2019","Nov. 26, 2019","Nov. 29, 2019",https://theijf.org/procurement/4502031228_dnd
Federal,Pharmaceutical and Other Medicinal Products,Correctional Service of Canada,MCKESSON CANADA CORPORATION,"$18,519","Nov. 27, 2019","Nov. 27, 2019","Nov. 29, 2019",https://theijf.org/procurement/21501_20_3389351_csc
Federal,Aviation Fuel,National Defence,World Fuels,"$12,503","Nov. 29, 2019","Nov. 29, 2019","Nov. 29, 2019",https://theijf.org/procurement/2105292937_dnd
Federal,Scientific services,Fisheries and Oceans Canada,GENOME QUEBEC,"$19,391","Nov. 29, 2019","Nov. 29, 2019","Nov. 29, 2019",https://theijf.org/procurement/f1007_190051_dfo
Federal,Other Professional Services not Elsewhere Specified,National Defence,Davco Welding,"$29,267","Nov. 29, 2019","Nov. 29, 2019","Nov. 29, 2019",https://theijf.org/procurement/4502034091_dnd
Federal,"Communications/Networking equipment (includes analog, digital and combined analog/digital equipment, cabling, parts and peripherals)",Royal Canadian Mounted Police,MICROSOFT CANADA INC.,"$62,150","Nov. 27, 2019","Nov. 27, 2019","Nov. 29, 2019",https://theijf.org/procurement/s202002886_rcmp
Federal,Repair of Ships and boats,Fisheries and Oceans Canada,GARLOCK OF CANADA LTD OPERATING AS FAIRBANKS MORSE ENGINE,"$36,852","Nov. 28, 2019","Nov. 28, 2019","Nov. 29, 2019",https://theijf.org/procurement/f6855_191594_dfo
Federal,Tools and Implements,National Defence,Stellar Industrial Sales Ltd,"$13,824","Nov. 29, 2019","Nov. 29, 2019","Nov. 29, 2019",https://theijf.org/procurement/w1773_4502033171_dnd
Federal,Aviation Fuel,National Defence,World Fuel Services,"$50,987","Nov. 29, 2019","Nov. 29, 2019","Nov. 29, 2019",https://theijf.org/procurement/2105318610_dnd
Federal,Public servant travel-Support core mandate activities,Impact Assessment Agency of Canada,2080061 Ontario Inc.,"$20,972","Nov. 25, 2019","Nov. 25, 2019","Nov. 29, 2019",https://theijf.org/procurement/3000698560_iaac
Federal,Aviation Fuel,National Defence,World Fuel Services,"$10,741","Nov. 29, 2019","Nov. 29, 2019","Nov. 29, 2019",https://theijf.org/procurement/2105300519_dnd
Federal,"Measuring, controlling, laboratory, medical and optical equipment and parts",National Research Council Canada,FANUC AMERICA CORPORATION,"$10,624","Nov. 25, 2019","Nov. 25, 2019","Nov. 29, 2019",https://theijf.org/procurement/938930_nrc
Federal,"Inorganic and organic chemicals, incl plastics, ru",Royal Canadian Mounted Police,LIFE TECHNOLOGIES,"$177,502","Nov. 26, 2019","Nov. 26, 2019","Nov. 29, 2019",https://theijf.org/procurement/7240240_rcmp
Federal,"Inorganic and organic chemicals, incl plastics, ru",Royal Canadian Mounted Police,LIFE TECHNOLOGIES,"$116,518","Nov. 26, 2019","Nov. 26, 2019","Nov. 29, 2019",https://theijf.org/procurement/7240243_rcmp
Federal,"Miscellaneous Food, Food Materials and Food Preparations, Including Beverages and Tobacco",Correctional Service of Canada,PRATTS FOOD SERVICE ALBERTA LTD,"$12,828","Nov. 26, 2019","Nov. 26, 2019","Nov. 28, 2019",https://theijf.org/procurement/21532_20_3387520_csc
Federal,"Miscellaneous Food, Food Materials and Food Preparations, Including Beverages and Tobacco",Fisheries and Oceans Canada,JB CADRIN,"$13,216","Nov. 28, 2019","Nov. 28, 2019","Nov. 28, 2019",https://theijf.org/procurement/f3017_190750_dfo
Federal,Legal services,Privy Council Office,FANNIE LAFONTAINE,"$148,708","Nov. 28, 2019","Nov. 28, 2019","Nov. 28, 2019",https://theijf.org/procurement/coi_244x_pco
Federal,"Diesel Fuel, Automotive",National Defence,Imperial oil,"$15,437","Nov. 27, 2019","Nov. 27, 2019","Nov. 28, 2019",https://theijf.org/procurement/4502032014_dnd
Federal,"DEICING AND DEFROSTING FLUID, AIRCRAFT SURFACES",National Defence,AERO MAG 2000 YOW INC.,"$10,128","Nov. 28, 2019","Nov. 28, 2019","Nov. 28, 2019",https://theijf.org/procurement/2105293821_dnd
Federal,"Gasoline, Automotive, Unleaded",National Defence,ULTRAMAR,"$11,034","Nov. 25, 2019","Nov. 25, 2019","Nov. 28, 2019",https://theijf.org/procurement/4502032069_dnd
Federal,Usage of Inventory,Correctional Service of Canada,OEI KRUEGER INTERNATIONAL INC,"$37,114","Nov. 27, 2019","Nov. 27, 2019","Nov. 28, 2019",https://theijf.org/procurement/21t35039_20_3389828_csc
Federal,Aviation Fuel,National Defence,Shell,"$17,937","Nov. 28, 2019","Nov. 28, 2019","Nov. 28, 2019",https://theijf.org/procurement/2105290325_dnd
Federal,Other equipment,National Defence,Darr Welding,"$11,500","Nov. 28, 2019","Nov. 28, 2019","Nov. 28, 2019",https://theijf.org/procurement/4502032874_dnd
Federal,Aviation Fuel,National Defence,Shell,"$19,488","Nov. 28, 2019","Nov. 28, 2019","Nov. 28, 2019",https://theijf.org/procurement/2105290300_dnd
Federal,Management consulting,Environment and Climate Change Canada,UNIVERSITY OF ALBERTA,"$25,000","Nov. 25, 2019","Nov. 25, 2019","Nov. 28, 2019",https://theijf.org/procurement/3000699625_ec
Federal,Aviation Fuel,National Defence,World Fuel Service,"$35,582","Nov. 28, 2019","Nov. 28, 2019","Nov. 28, 2019",https://theijf.org/procurement/2105292965_dnd
Federal,Pharmaceutical and Other Medicinal Products,Correctional Service of Canada,MCKESSON CANADA CORPORATION,"$10,552","Nov. 27, 2019","Nov. 27, 2019","Nov. 28, 2019",https://theijf.org/procurement/21301_20_3389245_csc
Federal,"Measuring, Controlling, Laboratory, Medical and Optical Equipment and Parts",Parks Canada,INLAND AUDIO VISUAL,"$29,721","Nov. 28, 2019","Nov. 28, 2019","Nov. 28, 2019",https://theijf.org/procurement/45423718_pc
Federal,Conference fees,Office of the Superintendent of Financial Institutions Canada,HYATT REGENCY TORONTO,"$36,015","Nov. 28, 2019","Nov. 28, 2019","Nov. 28, 2019",https://theijf.org/procurement/6028346_osfi
Federal,"Printed matter, including books, newspapers, pictures, manuscripts and forms",National Research Council Canada,"MARY ANN LIEBERT, INC.","$34,535","Nov. 25, 2019","Nov. 25, 2019","Nov. 28, 2019",https://theijf.org/procurement/938903_nrc
Federal,"Printed matter, including books, newspapers, pictures, manuscripts and forms",National Research Council Canada,"OVID TECHNOLOGIES, INC.","$107,527","Nov. 25, 2019","Nov. 25, 2019","Nov. 28, 2019",https://theijf.org/procurement/938893_nrc
Federal,Rental - Other,Global Affairs Canada,La Ville Hotel LLC - Operating,"$12,478","Nov. 25, 2019","Nov. 25, 2019","Nov. 28, 2019",https://theijf.org/procurement/7413827_dfatd
Federal,Purchase of Application Software (including COTS) and Application Development and Delivery Software,Statistics Canada,ECLIPSYS SOLUTIONS INC.,"$73,159","Nov. 28, 2019","Nov. 28, 2019","Nov. 28, 2019",https://theijf.org/procurement/11401_statcan
Federal,Aviation Fuel,National Defence,World Fuel Services,"$13,730","Nov. 28, 2019","Nov. 28, 2019","Nov. 28, 2019",https://theijf.org/procurement/2105313441_dnd
Federal,Aviation Fuel,National Defence,Irving Oil,"$13,515","Nov. 28, 2019","Nov. 28, 2019","Nov. 28, 2019",https://theijf.org/procurement/2105330897_dnd
Federal,Food Catering Services,National Defence,CONNECT AIR,"$17,557","Nov. 28, 2019","Nov. 28, 2019","Nov. 28, 2019",https://theijf.org/procurement/2105308963_dnd
Federal,Aviation Fuel,National Defence,World Fuel Services,"$20,530","Nov. 27, 2019","Nov. 27, 2019","Nov. 27, 2019",https://theijf.org/procurement/2105300437_dnd
Federal,Aviation Fuel,National Defence,Nunavut Government,"$17,280","Nov. 27, 2019","Nov. 27, 2019","Nov. 27, 2019",https://theijf.org/procurement/1fe22s_dnd
Federal,Aviation Fuel,National Defence,Shell,"$12,786","Nov. 27, 2019","Nov. 27, 2019","Nov. 27, 2019",https://theijf.org/procurement/2105290293_dnd
Federal,Aviation Fuel,National Defence,Irving Oil,"$14,739","Nov. 27, 2019","Nov. 27, 2019","Nov. 27, 2019",https://theijf.org/procurement/2105330903_dnd
Federal,Electronic subscriptions and electronic publications,Global Affairs Canada,Babel Street,"$13,710","Nov. 27, 2019","Nov. 27, 2019","Nov. 27, 2019",https://theijf.org/procurement/7414185_dfatd
Federal,"Printed matter, including books, newspapers, pictures, manuscripts and forms",National Research Council Canada,"THERAPEUTIC RESEARCH CENTER, LLC","$34,366","Nov. 25, 2019","Nov. 25, 2019","Nov. 27, 2019",https://theijf.org/procurement/938898_nrc
Federal,Rental - Other,Global Affairs Canada,LOTTE HOTEL SEOUL,"$11,589","Nov. 27, 2019","Nov. 27, 2019","Nov. 27, 2019",https://theijf.org/procurement/7413600_dfatd
Federal,"Printed matter, including books, newspapers, pictures, manuscripts and forms",National Research Council Canada,AMERICAN PSYCHIATRIC ASSOCIATION,"$12,654","Nov. 26, 2019","Nov. 26, 2019","Nov. 27, 2019",https://theijf.org/procurement/938982_nrc
Federal,Transportation of things not elsewhere specified,Global Affairs Canada,BOLLORE LOGISTICS,"$39,026","Nov. 27, 2019","Nov. 27, 2019","Nov. 27, 2019",https://theijf.org/procurement/7414162_dfatd
Federal,Aircraft parts,Transport Canada,AERO SUPPLIES INC.,"$17,189","Nov. 27, 2019","Nov. 27, 2019","Nov. 27, 2019",https://theijf.org/procurement/asr_9204_039279_tc
Federal,Aircraft parts,Transport Canada,VECTOR AEROSPACE ENGINE SERVICES - ATLANTIC INC,"$378,105","Nov. 27, 2019","Nov. 27, 2019","Nov. 27, 2019",https://theijf.org/procurement/asr_9298_039752_tc
Federal,"Heating, air-conditioning and refrigeration equipment",Agriculture and Agri-Food Canada,LEKTER INDUSTRIAL SERVICES INC,"$21,467","Nov. 27, 2019","Nov. 27, 2019","Nov. 27, 2019",https://theijf.org/procurement/3000699826_aafc
Federal,Other buildings,Agriculture and Agri-Food Canada,897763 ALBERTA LTD  PAUL DAVIS,"$31,322","Nov. 27, 2019","Nov. 27, 2019","Nov. 27, 2019",https://theijf.org/procurement/3000699755_aafc
Federal,Subsistence,National Defence,SYSCO,"$10,403","Nov. 27, 2019","Nov. 27, 2019","Nov. 27, 2019",https://theijf.org/procurement/hn0100202000516_dnd
Federal,Bakery Products,National Defence,SYSCO,"$10,403","Nov. 27, 2019","Nov. 27, 2019","Nov. 27, 2019",https://theijf.org/procurement/w010f0g210_dnd
Federal,Pharmaceutical and Other Medicinal Products,Correctional Service of Canada,MCKESSON CANADA CORPORATION,"$12,196","Nov. 25, 2019","Nov. 25, 2019","Nov. 27, 2019",https://theijf.org/procurement/21301_20_3386221_csc
Federal,Aircraft parts,Transport Canada,HOPE AERO PROPELLER & COMPONENTS,"$20,031","Nov. 27, 2019","Nov. 27, 2019","Nov. 27, 2019",https://theijf.org/procurement/asr_9303_039765_tc
Federal,Aircraft parts,Transport Canada,AERO SUPPLIES INC.,"$17,189","Nov. 27, 2019","Nov. 27, 2019","Nov. 27, 2019",https://theijf.org/procurement/asr_9204_039280_tc
Federal,Subsistence,National Defence,(TANNIS) SYSCO CANADA INC,"$10,534","Nov. 26, 2019","Nov. 27, 2019","Nov. 27, 2019",https://theijf.org/procurement/aa6795202000618_dnd
Federal,"Heating, air-conditioning, and refrigeration equipment",Fisheries and Oceans Canada,GELL'AIR 7929366 CANADA INC,"$74,093","Nov. 26, 2019","Nov. 26, 2019","Nov. 26, 2019",https://theijf.org/procurement/f5211_190506_dfo
Federal,Plumbing Fixtures and Accessories,National Defence,WOLSELEY CANADA,"$10,411","Nov. 25, 2019","Nov. 26, 2019","Nov. 26, 2019",https://theijf.org/procurement/4502029369_dnd
Federal,Repair of Ships and boats,Fisheries and Oceans Canada,EQUIPEMENTS SURVIE MARITIME INC,"$15,225","Nov. 26, 2019","Nov. 26, 2019","Nov. 26, 2019",https://theijf.org/procurement/f3017_190755_dfo
Federal,Scientific services,Fisheries and Oceans Canada,ACZISC ACCOUNT,"$28,750","Nov. 26, 2019","Nov. 26, 2019","Nov. 26, 2019",https://theijf.org/procurement/f5211_190550_dfo
Federal,Office and stationers supplies,Global Affairs Canada,Corporate Express Canada Inc.,"$24,035","Nov. 25, 2019","Nov. 25, 2019","Nov. 26, 2019",https://theijf.org/procurement/7414068_dfatd
Federal,Hospitality,Global Affairs Canada,Vienna Calling Catering LLC,"$13,585","Nov. 26, 2019","Nov. 26, 2019","Nov. 26, 2019",https://theijf.org/procurement/7414119_dfatd
Federal,Aviation Fuel,National Defence,Shell,"$17,928","Nov. 26, 2019","Nov. 26, 2019","Nov. 26, 2019",https://theijf.org/procurement/2105290280_dnd
Federal,Aviation Fuel,National Defence,World Fuels,"$10,559","Nov. 26, 2019","Nov. 26, 2019","Nov. 26, 2019",https://theijf.org/procurement/2105290061_dnd
Federal,Aviation Fuel,National Defence,AVJET,"$10,015","Nov. 26, 2019","Nov. 26, 2019","Nov. 26, 2019",https://theijf.org/procurement/0102mn_157371_dnd
Federal,"Miscellaneous Food, Food Materials and Food Preparations, Including Beverages and Tobacco",Fisheries and Oceans Canada,GFS QUEBEC,"$34,848","Nov. 26, 2019","Nov. 26, 2019","Nov. 26, 2019",https://theijf.org/procurement/f3019_190683_dfo
Federal,Diesel fuel,Fisheries and Oceans Canada,IRVING OIL COMMERCIAL G.P.,"$15,633","Nov. 25, 2019","Nov. 25, 2019","Nov. 25, 2019",https://theijf.org/procurement/fc004_190422_dfo
Federal,Aircraft parts,Transport Canada,VECTOR AEROSPACE ENGINE SERVICES - ATLANTIC INC,"$156,147","Nov. 25, 2019","Nov. 25, 2019","Nov. 25, 2019",https://theijf.org/procurement/asr_9301_039753_tc
Federal,Diesel fuel,Fisheries and Oceans Canada,ULTRAMAR LTD,"$11,940","Nov. 25, 2019","Nov. 25, 2019","Nov. 25, 2019",https://theijf.org/procurement/f3774_1906823_dfo
Federal,Diesel fuel,Fisheries and Oceans Canada,LES HUILES DESROCHES INC,"$16,420","Nov. 25, 2019","Nov. 25, 2019","Nov. 25, 2019",https://theijf.org/procurement/f3774_1905858_dfo
Federal,Ships and boats parts,Fisheries and Oceans Canada,YAMAHA MOTOR CANADA LTD,"$61,935","Nov. 25, 2019","Nov. 25, 2019","Nov. 25, 2019",https://theijf.org/procurement/f4659_190013_dfo
Federal,Aviation Fuel,National Defence,World Fuels,"$11,008","Nov. 25, 2019","Nov. 25, 2019","Nov. 25, 2019",https://theijf.org/procurement/2105449823_dnd
Federal,Aviation Fuel,National Defence,World Fuel,"$34,804","Nov. 25, 2019","Nov. 25, 2019","Nov. 25, 2019",https://theijf.org/procurement/2105308897_dnd
Federal,Aviation Fuel,National Defence,World Fuel,"$34,804","Nov. 25, 2019","Nov. 25, 2019","Nov. 25, 2019",https://theijf.org/procurement/2105308649_dnd
Federal,Aviation Fuel,National Defence,World Fuel,"$16,847","Nov. 25, 2019","Nov. 25, 2019","Nov. 25, 2019",https://theijf.org/procurement/2105290050_dnd
Federal,Other equipment and Parts,National Research Council Canada,"AXT, INC.","$32,370","Nov. 25, 2019","Nov. 25, 2019","Nov. 25, 2019",https://theijf.org/procurement/938947_nrc
Federal,Aviation Fuel,National Defence,World Fuel Service,"$34,800","Nov. 25, 2019","Nov. 25, 2019","Nov. 25, 2019",https://theijf.org/procurement/2105290119_dnd
Federal,Audio-visual services,Office of the Superintendent of Financial Institutions Canada,EVENTS AT ONE KING WEST LTD.,"$15,614","Nov. 24, 2019","Nov. 24, 2019","Nov. 25, 2019",https://theijf.org/procurement/6028238_osfi
Federal,Aviation Fuel,National Defence,Shell,"$16,442","Nov. 24, 2019","Nov. 24, 2019","Nov. 24, 2019",https://theijf.org/procurement/2105281968_dnd
Federal,Aviation Fuel,National Defence,World Fuel Service,"$16,545","Nov. 24, 2019","Nov. 24, 2019","Nov. 24, 2019",https://theijf.org/procurement/2105290128_dnd
Federal,Aviation Fuel,National Defence,World Fuel Service,"$24,823","Nov. 24, 2019","Nov. 24, 2019","Nov. 24, 2019",https://theijf.org/procurement/2105290114_dnd
Federal,Hospitality,Global Affairs Canada,Bright Star Beach Resort LLC,"$10,826","Nov. 24, 2019","Nov. 24, 2019","Nov. 24, 2019",https://theijf.org/procurement/7413722_dfatd